{
  "lang":"en",
  "name":"pipeline",
  "version":"0.0.0",
  "spacy_version":">=3.5.1,<3.6.0",
  "description":"",
  "author":"",
  "email":"",
  "url":"",
  "license":"",
  "spacy_git_version":"Unknown",
  "vectors":{
    "width":0,
    "vectors":0,
    "keys":0,
    "name":null,
    "mode":"default"
  },
  "labels":{
    "transformer":[

    ],
    "ner":[
      "DocumentReference",
      "Location",
      "MilitaryPlatform",
      "Money",
      "Nationality",
      "Organisation",
      "Person",
      "Quantity",
      "Temporal",
      "Weapon"
    ]
  },
  "pipeline":[
    "transformer",
    "ner"
  ],
  "components":[
    "transformer",
    "ner"
  ],
  "disabled":[

  ],
  "performance":{
    "ents_f":0.7564841499,
    "ents_p":0.7373595506,
    "ents_r":0.7766272189,
    "ents_per_type":{
      "Person":{
        "p":0.8495575221,
        "r":0.9056603774,
        "f":0.8767123288
      },
      "Temporal":{
        "p":0.7719298246,
        "r":0.9565217391,
        "f":0.854368932
      },
      "Organisation":{
        "p":0.7581227437,
        "r":0.7394366197,
        "f":0.7486631016
      },
      "Location":{
        "p":0.7289156627,
        "r":0.7806451613,
        "f":0.753894081
      },
      "MilitaryPlatform":{
        "p":0.4210526316,
        "r":0.5,
        "f":0.4571428571
      },
      "Quantity":{
        "p":0.7428571429,
        "r":0.8666666667,
        "f":0.8
      },
      "Weapon":{
        "p":0.4285714286,
        "r":0.5294117647,
        "f":0.4736842105
      },
      "DocumentReference":{
        "p":0.6666666667,
        "r":0.75,
        "f":0.7058823529
      },
      "Money":{
        "p":0.2,
        "r":0.25,
        "f":0.2222222222
      },
      "Nationality":{
        "p":0.4,
        "r":0.4,
        "f":0.4
      }
    },
    "transformer_loss":1038.3796582199,
    "ner_loss":1293.7616918173
  }
}