{
  "lang":"en",
  "name":"pipeline",
  "version":"0.0.0",
  "spacy_version":">=3.5.1,<3.6.0",
  "description":"",
  "author":"",
  "email":"",
  "url":"",
  "license":"",
  "spacy_git_version":"8153bd573",
  "vectors":{
    "width":0,
    "vectors":0,
    "keys":0,
    "name":null,
    "mode":"default"
  },
  "labels":{
    "tok2vec":[

    ],
    "ner":[
      "DocumentReference",
      "Location",
      "MilitaryPlatform",
      "Money",
      "Nationality",
      "Organisation",
      "Person",
      "Quantity",
      "Temporal",
      "Weapon"
    ]
  },
  "pipeline":[
    "tok2vec",
    "ner"
  ],
  "components":[
    "tok2vec",
    "ner"
  ],
  "disabled":[

  ],
  "performance":{
    "ents_f":0.604197901,
    "ents_p":0.6124620061,
    "ents_r":0.5961538462,
    "ents_per_type":{
      "Person":{
        "p":0.7319587629,
        "r":0.6698113208,
        "f":0.6995073892
      },
      "Temporal":{
        "p":0.5849056604,
        "r":0.6739130435,
        "f":0.6262626263
      },
      "Organisation":{
        "p":0.6691729323,
        "r":0.6267605634,
        "f":0.6472727273
      },
      "Location":{
        "p":0.608974359,
        "r":0.6129032258,
        "f":0.6109324759
      },
      "Quantity":{
        "p":0.4193548387,
        "r":0.4333333333,
        "f":0.4262295082
      },
      "MilitaryPlatform":{
        "p":0.0909090909,
        "r":0.0625,
        "f":0.0740740741
      },
      "DocumentReference":{
        "p":0.2352941176,
        "r":0.5,
        "f":0.32
      },
      "Weapon":{
        "p":0.2666666667,
        "r":0.2352941176,
        "f":0.25
      },
      "Nationality":{
        "p":0.625,
        "r":0.5,
        "f":0.5555555556
      },
      "Money":{
        "p":0.25,
        "r":0.25,
        "f":0.25
      }
    },
    "tok2vec_loss":155.9905162489,
    "ner_loss":1074.12527625
  }
}