{
  "lang":"en",
  "name":"pipeline",
  "version":"0.0.0",
  "spacy_version":">=3.5.1,<3.6.0",
  "description":"",
  "author":"",
  "email":"",
  "url":"",
  "license":"",
  "spacy_git_version":"8153bd573",
  "vectors":{
    "width":0,
    "vectors":0,
    "keys":0,
    "name":null,
    "mode":"default"
  },
  "labels":{
    "tok2vec":[

    ],
    "ner":[
      "DocumentReference",
      "Location",
      "MilitaryPlatform",
      "Money",
      "Nationality",
      "Organisation",
      "Person",
      "Quantity",
      "Temporal",
      "Weapon"
    ]
  },
  "pipeline":[
    "tok2vec",
    "ner"
  ],
  "components":[
    "tok2vec",
    "ner"
  ],
  "disabled":[

  ],
  "performance":{
    "ents_f":0.600896861,
    "ents_p":0.6072507553,
    "ents_r":0.5946745562,
    "ents_per_type":{
      "Temporal":{
        "p":0.6666666667,
        "r":0.652173913,
        "f":0.6593406593
      },
      "Location":{
        "p":0.5530726257,
        "r":0.6387096774,
        "f":0.5928143713
      },
      "Organisation":{
        "p":0.6875,
        "r":0.6197183099,
        "f":0.6518518519
      },
      "Person":{
        "p":0.75,
        "r":0.6509433962,
        "f":0.696969697
      },
      "Quantity":{
        "p":0.4047619048,
        "r":0.5666666667,
        "f":0.4722222222
      },
      "MilitaryPlatform":{
        "p":0.0,
        "r":0.0,
        "f":0.0
      },
      "Weapon":{
        "p":0.2222222222,
        "r":0.2352941176,
        "f":0.2285714286
      },
      "DocumentReference":{
        "p":0.3,
        "r":0.375,
        "f":0.3333333333
      },
      "Nationality":{
        "p":0.3333333333,
        "r":0.3,
        "f":0.3157894737
      },
      "Money":{
        "p":0.3333333333,
        "r":0.25,
        "f":0.2857142857
      }
    },
    "tok2vec_loss":163.7096428684,
    "ner_loss":1189.1132880059
  }
}