{
  "lang":"en",
  "name":"pipeline",
  "version":"0.0.0",
  "spacy_version":">=3.5.1,<3.6.0",
  "description":"",
  "author":"",
  "email":"",
  "url":"",
  "license":"",
  "spacy_git_version":"8153bd573",
  "vectors":{
    "width":0,
    "vectors":0,
    "keys":0,
    "name":null,
    "mode":"default"
  },
  "labels":{
    "tok2vec":[

    ],
    "ner":[
      "DocumentReference",
      "Location",
      "MilitaryPlatform",
      "Money",
      "Nationality",
      "Organisation",
      "Person",
      "Quantity",
      "Temporal",
      "Weapon"
    ]
  },
  "pipeline":[
    "tok2vec",
    "ner"
  ],
  "components":[
    "tok2vec",
    "ner"
  ],
  "disabled":[

  ],
  "performance":{
    "ents_f":0.6137566138,
    "ents_p":0.627511592,
    "ents_r":0.600591716,
    "ents_per_type":{
      "Person":{
        "p":0.675,
        "r":0.7641509434,
        "f":0.7168141593
      },
      "Temporal":{
        "p":0.6808510638,
        "r":0.6956521739,
        "f":0.688172043
      },
      "Location":{
        "p":0.5795454545,
        "r":0.6580645161,
        "f":0.6163141994
      },
      "Organisation":{
        "p":0.7024793388,
        "r":0.5985915493,
        "f":0.6463878327
      },
      "MilitaryPlatform":{
        "p":0.0,
        "r":0.0,
        "f":0.0
      },
      "Quantity":{
        "p":0.3666666667,
        "r":0.3666666667,
        "f":0.3666666667
      },
      "Weapon":{
        "p":0.3333333333,
        "r":0.2352941176,
        "f":0.275862069
      },
      "DocumentReference":{
        "p":0.5,
        "r":0.5,
        "f":0.5
      },
      "Money":{
        "p":0.3333333333,
        "r":0.25,
        "f":0.2857142857
      },
      "Nationality":{
        "p":0.3333333333,
        "r":0.1,
        "f":0.1538461538
      }
    },
    "tok2vec_loss":226.5528284467,
    "ner_loss":1402.9633614754
  }
}